{
  "trained_at": "2026-02-15T21:10:28.229024",
  "pairs": [
    "BTC/USDT",
    "ETH/USDT",
    "SOL/USDT",
    "BNB/USDT",
    "XRP/USDT",
    "DOGE/USDT",
    "ADA/USDT",
    "AVAX/USDT",
    "LINK/USDT",
    "DOT/USDT",
    "NEAR/USDT"
  ],
  "feature_cols": [
    "ret_1",
    "ret_3",
    "ret_5",
    "ret_10",
    "ret_20",
    "atr14",
    "atr_r",
    "vol5",
    "vol20",
    "rsi14",
    "rsi7",
    "srsi_k",
    "macd_h",
    "roc5",
    "roc20",
    "ema8_d",
    "ema21_d",
    "ema55_d",
    "ema100_d",
    "ema200_d",
    "ema8_sl",
    "ema55_sl",
    "bb_pos",
    "bb_w",
    "vr",
    "spr",
    "body",
    "adx",
    "dip",
    "dim",
    "h_s",
    "h_c",
    "d_s",
    "d_c"
  ],
  "pred_stds": {
    "BTC/USDT": 0.00516311419566639,
    "ETH/USDT": 0.008088145849634298,
    "SOL/USDT": 0.0050707941911939435,
    "BNB/USDT": 0.00549958052610765,
    "XRP/USDT": 0.006849975935023216,
    "DOGE/USDT": 0.02118627903170916,
    "ADA/USDT": 0.010238523531506956,
    "AVAX/USDT": 0.006136718713179066,
    "LINK/USDT": 0.009273439372865417,
    "DOT/USDT": 0.011449613762834012,
    "NEAR/USDT": 0.018690782053622786
  },
  "horizon": 5,
  "n_trials": 40,
  "stats": {
    "BTC/USDT": {
      "corr": 0.43923675661476486,
      "n_samples": 13215
    },
    "ETH/USDT": {
      "corr": 0.5715616856100654,
      "n_samples": 13215
    },
    "SOL/USDT": {
      "corr": 0.286607273063476,
      "n_samples": 11879
    },
    "BNB/USDT": {
      "corr": 0.4331774718078491,
      "n_samples": 13215
    },
    "XRP/USDT": {
      "corr": 0.48106160582908614,
      "n_samples": 13215
    },
    "DOGE/USDT": {
      "corr": 0.8400554401640404,
      "n_samples": 13215
    },
    "ADA/USDT": {
      "corr": 0.47463165062139534,
      "n_samples": 13215
    },
    "AVAX/USDT": {
      "corr": 0.19986021209661772,
      "n_samples": 11627
    },
    "LINK/USDT": {
      "corr": 0.5995872673129286,
      "n_samples": 13215
    },
    "DOT/USDT": {
      "corr": 0.6704650735124864,
      "n_samples": 11833
    },
    "NEAR/USDT": {
      "corr": 0.833862094885786,
      "n_samples": 11495
    }
  }
}