{
  "trained_at": "2026-02-14T07:04:37.630050",
  "pairs": [
    "BTC/USDT",
    "ETH/USDT",
    "SOL/USDT",
    "BNB/USDT",
    "XRP/USDT",
    "DOGE/USDT",
    "ADA/USDT",
    "AVAX/USDT",
    "LINK/USDT",
    "DOT/USDT",
    "NEAR/USDT"
  ],
  "feature_cols": [
    "ret_1",
    "ret_3",
    "ret_5",
    "ret_10",
    "ret_20",
    "atr14",
    "atr_r",
    "vol5",
    "vol20",
    "rsi14",
    "rsi7",
    "srsi_k",
    "macd_h",
    "roc5",
    "roc20",
    "ema8_d",
    "ema21_d",
    "ema55_d",
    "ema100_d",
    "ema200_d",
    "ema8_sl",
    "ema55_sl",
    "bb_pos",
    "bb_w",
    "vr",
    "spr",
    "body",
    "adx",
    "dip",
    "dim",
    "h_s",
    "h_c",
    "d_s",
    "d_c"
  ],
  "pred_stds": {
    "BTC/USDT": 0.004798785384331998,
    "ETH/USDT": 0.007041067495723508,
    "SOL/USDT": 0.005490860393666254,
    "BNB/USDT": 0.006270667780353528,
    "XRP/USDT": 0.009077239220684569,
    "DOGE/USDT": 0.006955931441442864,
    "ADA/USDT": 0.010324252729586519,
    "AVAX/USDT": 0.016486726549880794,
    "LINK/USDT": 0.01144077253436869,
    "DOT/USDT": 0.012811282979671655,
    "NEAR/USDT": 0.014383919755893312
  },
  "horizon": 5,
  "n_trials": 40,
  "stats": {
    "BTC/USDT": {
      "corr": 0.4548091269551386,
      "n_samples": 13209
    },
    "ETH/USDT": {
      "corr": 0.5305840576924721,
      "n_samples": 13209
    },
    "SOL/USDT": {
      "corr": 0.29394792578185996,
      "n_samples": 11873
    },
    "BNB/USDT": {
      "corr": 0.4703960490679049,
      "n_samples": 13209
    },
    "XRP/USDT": {
      "corr": 0.5698351207429355,
      "n_samples": 13209
    },
    "DOGE/USDT": {
      "corr": 0.3212527179938795,
      "n_samples": 13209
    },
    "ADA/USDT": {
      "corr": 0.607622614837587,
      "n_samples": 13209
    },
    "AVAX/USDT": {
      "corr": 0.7480444460665878,
      "n_samples": 11621
    },
    "LINK/USDT": {
      "corr": 0.6762547420430384,
      "n_samples": 13209
    },
    "DOT/USDT": {
      "corr": 0.6706028532590826,
      "n_samples": 11827
    },
    "NEAR/USDT": {
      "corr": 0.7424957965337782,
      "n_samples": 11489
    }
  }
}